,0
gravy,0.0402147269898057
E,0.025905937055779406
S,0.024197316381437833
C,0.021899771430839748
D,0.01891791391569065
original_length,0.01437436349879832
sequence_length,0.013412741642043443
pI,0.013080703148599592
dp_SS,0.012226107310784395
F,0.010549525224432072
dp_IE,0.010206765602973893
I,0.009367840327966214
W,0.008362209563493088
dp_EL,0.007641142882176699
L,0.007275319876657589
dp_LF,0.007088142442504849
dp_LE,0.006650342440888267
dp_EI,0.006628730264190233
V,0.006620909390897238
P,0.006535880573658574
dp_EA,0.0063100359253427645
dp_AE,0.0060818652256316
dp_ID,0.0058383475930372936
G,0.005694455245813766
dp_LL,0.005670756923968288
dp_VE,0.005314396846199575
dp_CC,0.005312039520717137
H,0.00516825483661603
A,0.005131496910138721
K,0.005116466470974646
Y,0.00493798692775555
dp_FL,0.004877322963190935
dp_AD,0.004850276598724524
dp_EV,0.004526175893801638
R,0.00451610925179546
T,0.00450685624533489
M,0.004473047235912197
N,0.004448553344203303
dp_IA,0.00436195699998196
dp_PP,0.004300325637563828
Q,0.00404793927110236
dp_FF,0.004005851885956539
dp_ST,0.003787113763292804
dp_LI,0.0037476950722859542
dp_DA,0.003722992622650792
dp_PS,0.0036179730791867097
dp_LD,0.0035882049295605963
dp_DL,0.00355814806645655
dp_TS,0.003469651497111284
dp_IF,0.0034168400654913246
dp_VI,0.0033741721962378193
dp_SP,0.003350560471655401
dp_IL,0.0033353334197668318
dp_DE,0.003287003656223296
dp_NS,0.0032356299989792867
dp_GE,0.0032258969955172045
dp_KR,0.0031994666217959947
dp_AI,0.0030913713995848768
dp_ER,0.003023411116244171
dp_EE,0.0029676128509153565
dp_IG,0.002951138162535409
dp_VL,0.0029154808779145868
dp_LV,0.002900579973553034
dp_II,0.002896031378742609
dp_RE,0.002873153078012421
dp_FI,0.00285101054313079
dp_AL,0.0028129537281958894
dp_SL,0.0027883088109157484
dp_AR,0.002748067418621707
dp_GI,0.0027380665552930923
dp_IV,0.002720313096889511
dp_DI,0.0027103605535764345
dp_LA,0.0026855719595711308
dp_LK,0.0026502797758393443
dp_SN,0.0026064938010627553
dp_RL,0.002593275797620957
dp_VD,0.0025629419137354658
dp_LG,0.002528879996791491
dp_RK,0.002496272877128117
dp_QN,0.002466627890322724
dp_VF,0.0024651626883386447
dp_EK,0.0024567821210471014
dp_RR,0.0024493353465041487
dp_LS,0.002444069762931497
dp_AK,0.002437814916599465
dp_DV,0.0023967206195140834
dp_GL,0.002390860443143135
dp_EG,0.0023826491976523447
dp_LR,0.0023719716757812015
dp_AG,0.0023666945816766525
dp_KK,0.00234163333456924
dp_VR,0.0023292198876795566
dp_KC,0.0022964057558404576
dp_KE,0.002275642598973178
dp_GV,0.002269971228031149
dp_GA,0.0022582415211669007
dp_AA,0.0022348930114643507
dp_KA,0.0022337066213028163
dp_GS,0.0022316801558171073
dp_CS,0.0022245599517477198
dp_GK,0.0022179387928750027
dp_SC,0.0021919660761253114
dp_VA,0.0021764715674365627
dp_GD,0.0021723047221941
dp_GG,0.002154728412006326
dp_KL,0.002149264195631617
dp_NN,0.0021479771829948143
dp_RA,0.0021193283984826546
dp_SA,0.002102230296841647
dp_TV,0.002096617732925757
dp_SK,0.0020864972750195003
dp_AV,0.0020858840678226486
dp_KS,0.002080314151078331
dp_FV,0.002069033122934578
dp_SQ,0.002066856246146856
dp_VV,0.0020633562567537473
dp_AS,0.002061418008988061
dp_VG,0.0020576305116309737
dp_TC,0.0020448470911201546
dp_SG,0.0020432463904897103
dp_QQ,0.002039252811502195
dp_IR,0.0020209208391094398
dp_CL,0.002011212918718643
dp_VT,0.0020080731528809345
dp_RV,0.001997305176503211
dp_RI,0.0019853076836980382
dp_DS,0.001979380897727422
dp_DG,0.0019786638192859514
dp_SR,0.001970386447349355
dp_ED,0.001967873673393497
dp_PT,0.001959639449970894
dp_LT,0.0019575217942012333
dp_RS,0.0019476724258991921
dp_TL,0.0019460958596284198
dp_VS,0.0019450338801630064
dp_AF,0.001937818759593292
dp_LP,0.0019371947893250523
dp_QS,0.0019355064880824148
dp_GT,0.0019281885735042484
dp_FS,0.0019151134748862603
dp_SV,0.0019094877695886381
dp_LQ,0.0019071582652116252
dp_SD,0.0019016744521590816
dp_GR,0.0018983033485068675
dp_FG,0.0018939289716723433
dp_GC,0.001893321346931113
dp_NG,0.0018920924273477348
dp_KI,0.0018918196824363731
dp_SE,0.0018898527006137823
dp_YL,0.001887903551281373
dp_IK,0.001887827523279196
dp_QL,0.0018852041363088877
dp_SI,0.0018770143043215276
dp_KP,0.0018684961378796178
dp_PL,0.0018679586369835456
dp_PK,0.0018648464097073653
dp_EQ,0.001862070939287972
dp_TG,0.0018596102540306993
dp_CK,0.0018591502995314643
dp_IS,0.0018565771521133335
dp_ES,0.0018560490528876175
dp_KV,0.0018364272945522876
dp_TT,0.0018318199433782565
dp_PA,0.0018289276913567205
dp_VK,0.0018288740521377833
dp_QR,0.0018273177027852189
dp_YS,0.0018079577660236965
dp_PG,0.0018042314648206534
dp_TA,0.001798419060219654
dp_SF,0.00177791588296496
dp_FE,0.0017635902752518508
dp_TP,0.0017625140599640862
dp_KG,0.0017615784680677007
dp_LY,0.0017487151596296694
dp_KT,0.0017439226774546132
dp_IT,0.0017410681918419017
dp_AT,0.0017406858935556495
dp_DD,0.001728256825123015
dp_AP,0.001727741914010841
dp_KD,0.0017165869698618139
dp_KQ,0.0017132801956964996
dp_LN,0.0017078144796104418
dp_TK,0.0017065403307009908
dp_QA,0.0017038258610708227
dp_AQ,0.001702762445724382
dp_RG,0.001689466197422567
dp_PV,0.0016890017379299
dp_GF,0.0016864084600032123
dp_NT,0.0016845399538015068
dp_GQ,0.0016836281613352552
dp_QE,0.0016802334632810014
dp_NL,0.0016801919024019426
dp_EC,0.0016744917258733948
dp_TN,0.0016604647179103392
dp_NK,0.0016594090433495396
dp_KN,0.001659038560014698
dp_GP,0.0016579880873296177
dp_QK,0.0016550706055778305
dp_VP,0.0016482042443725397
dp_FD,0.0016461760536574308
dp_DP,0.0016407804330855736
dp_GY,0.0016394170743775725
dp_PR,0.0016387882210873157
dp_FA,0.0016314084750195447
dp_PE,0.0016279099709677492
dp_TI,0.0016222382661624456
dp_YN,0.0016222122100349253
dp_EP,0.0016139215674894618
dp_LC,0.0016120842903610225
dp_DK,0.0016083408163513157
dp_NV,0.0016032134004875817
dp_DF,0.001596405679704325
dp_TF,0.0015959729499956407
dp_GN,0.0015873191648257102
dp_NA,0.0015870622682178236
dp_QP,0.0015868477162065198
dp_TE,0.0015852373422922392
dp_PN,0.0015756727719515762
dp_IY,0.0015756672294819365
dp_EN,0.0015680676338939643
dp_VY,0.0015593348428146019
dp_ET,0.0015560580288775064
dp_AN,0.0015492079084609477
dp_RN,0.001545746999670025
dp_NP,0.001545270464128962
dp_SY,0.001545123092536953
dp_CG,0.0015451032441904857
dp_ML,0.0015428473923680792
dp_RP,0.0015380411709643774
dp_WS,0.0015377213179546855
dp_DN,0.0015339173111755258
dp_RT,0.0015334927099222519
dp_PD,0.0015313193139838974
dp_IP,0.0015260622648570882
dp_VN,0.0015249820315910091
dp_EF,0.0015096020762699865
dp_RD,0.0015038092220137262
dp_NI,0.0015002616815028638
dp_YF,0.0014941719136702765
dp_QT,0.001493865149793114
dp_RQ,0.0014871693828518732
dp_HL,0.0014853455445964874
dp_FT,0.0014841417560221485
dp_PQ,0.0014745386290548055
dp_DR,0.0014727462255564442
dp_SW,0.001468953622660704
dp_TR,0.0014689068149804233
dp_WT,0.0014653573814022167
dp_GH,0.00146474897750552
dp_YY,0.0014611760497616954
dp_DT,0.0014573078910135502
dp_VQ,0.001453439774112998
dp_FY,0.0014528747503387714
dp_PI,0.0014516970194051071
dp_MK,0.0014494991027911444
dp_TY,0.0014492015618310225
dp_TD,0.0014486378098674554
dp_NE,0.0014407793057761866
dp_RF,0.0014353591773082054
dp_WL,0.0014292747960783449
dp_YV,0.0014254286941730834
dp_FN,0.001424704838451244
dp_IN,0.0014209726636748889
dp_YG,0.0014199420572727345
dp_YP,0.0014192744042630155
dp_YT,0.0014157627888089883
dp_NQ,0.0014152645059974606
dp_QG,0.0014110476262157617
dp_FK,0.0014105761212243994
dp_CN,0.00140942880950317
dp_PF,0.0014082344148474847
dp_ND,0.0014008822814921122
dp_FW,0.001396384540657731
dp_PY,0.0013923624971709857
dp_RC,0.0013892078509302919
dp_KY,0.0013868869518792555
dp_LH,0.0013820027392757407
dp_YI,0.001381237106215075
dp_TQ,0.0013739603703447887
dp_KF,0.0013711010104563203
dp_NR,0.0013703580989886397
dp_QC,0.001363684704683741
dp_FR,0.001362395842014527
dp_QV,0.0013594422773295246
dp_LW,0.0013586860988354257
dp_CA,0.0013559006294775052
dp_CT,0.0013549034553641177
dp_HS,0.0013473209753678969
dp_SH,0.0013454003896405614
dp_HT,0.001332036418155932
dp_YK,0.0013280729139325989
dp_CP,0.0013240044467038256
dp_FQ,0.0013236580607007915
dp_YA,0.0013179570891524363
dp_NY,0.0013021400209164314
dp_QD,0.0013020292817466886
dp_MA,0.0013005459387047493
dp_HQ,0.0012993973822664699
dp_DY,0.0012991441157422792
dp_LM,0.001295507151292667
dp_QI,0.0012943691103018344
dp_AY,0.001293161576905502
dp_YD,0.001287590162637
dp_HG,0.0012856507136604115
dp_YE,0.0012816661848580543
dp_QY,0.0012809534826494539
dp_IQ,0.0012758852963183466
dp_TW,0.0012697154364280908
dp_MS,0.0012660231579766992
dp_VC,0.0012595969925932775
dp_ME,0.0012514974210991452
dp_HA,0.001247115616911935
dp_RY,0.001242856885121801
dp_YR,0.0012421499746277213
dp_FP,0.0012409989315278636
dp_CR,0.0012373574228867086
dp_DQ,0.0012320852609936368
dp_SM,0.0012300133571731056
dp_EY,0.0012272429641507008
dp_AH,0.001227008266335704
dp_NF,0.0012243177364370437
dp_CE,0.001214624446643769
dp_RH,0.0011991842323026128
dp_MV,0.0011927900520718388
dp_CV,0.0011887941237362124
dp_CI,0.0011792416470978806
dp_MG,0.0011692849302602265
dp_AM,0.001167527106684468
dp_WG,0.0011588540644604294
dp_IH,0.0011479864612077189
dp_CY,0.0011451185792768083
dp_HP,0.0011440433276860868
dp_EM,0.0011331260234230104
dp_KH,0.0011083262225360297
dp_QF,0.00110478665834432
dp_EH,0.0010978372784021685
dp_YC,0.0010931437139766705
dp_VH,0.0010876952377808643
dp_WA,0.0010876089138694052
dp_YQ,0.0010840608636845423
dp_MR,0.0010810568251383174
dp_NM,0.0010747865535284961
dp_HV,0.0010738071113507845
dp_KW,0.0010651701476494452
dp_KM,0.0010592054792029199
dp_TH,0.0010581873839732498
dp_WI,0.0010575261330572692
dp_MD,0.0010564223615946405
dp_WK,0.0010553953145832002
dp_DC,0.0010552114767831118
dp_MT,0.0010464674385248784
dp_PC,0.0010408276714047632
dp_VM,0.0010390399501102033
dp_HI,0.0010376846809408407
dp_MI,0.0010249905026742095
dp_HE,0.0010244548876398
dp_HR,0.0010159246742599004
dp_QH,0.0010088410310279618
dp_MF,0.0010024857393521572
dp_AC,0.0010018824117772518
dp_GM,0.0009980235596630663
dp_GW,0.0009972829003217743
dp_HK,0.0009942645263610439
dp_CD,0.0009892785432623057
dp_IW,0.0009853572482397368
dp_NC,0.000980892176108384
dp_RM,0.0009680657464226388
dp_WD,0.0009674681353849028
dp_PH,0.0009642243162853771
dp_DM,0.0009614285763964483
dp_AW,0.0009568031039030173
dp_QM,0.0009559737152046348
dp_PW,0.0009542595968033905
dp_CF,0.0009527474532062354
dp_HD,0.0009473413187238768
dp_IM,0.0009462075692670297
dp_IC,0.0009459110715726765
dp_TM,0.0009400849328339508
dp_MP,0.0009394260264216356
dp_RW,0.0009382816670582483
dp_DH,0.0009341289829056798
dp_NH,0.0009322627345193788
dp_VW,0.000932208097883094
dp_CQ,0.0009321627661256322
dp_WF,0.0009246881678989693
dp_WV,0.0009234145928222743
dp_WR,0.0009174454680793903
dp_MN,0.0009136319959419062
dp_HF,0.0008867144058488634
dp_HN,0.0008852652723476903
dp_HH,0.0008817264913063841
dp_FC,0.0008792789500346951
dp_FM,0.0008714329395798478
dp_WN,0.0008686690418629496
dp_WP,0.0008668993148648572
dp_MY,0.0008654875970914836
dp_FH,0.0008594509580560422
dp_PM,0.0008585318356303458
dp_NW,0.0008176110265894154
dp_WE,0.0008149891280238414
dp_MQ,0.0008148853940533573
dp_DW,0.0008012564266712146
dp_EW,0.0007971588394632336
dp_WY,0.0007914878447932758
dp_HY,0.0007799339338355395
dp_YM,0.0007757715472765158
dp_YW,0.000773880353573008
dp_HC,0.0007440700766676358
dp_YH,0.0007375661235893245
dp_MM,0.0007318445479396064
dp_CH,0.0006644369331103083
dp_QW,0.0006473138789674044
dp_WQ,0.0006180317623259548
dp_CM,0.0006122659543383536
dp_MW,0.0006120822945181357
dp_HM,0.0006048736256250689
dp_WM,0.0006022807012417399
dp_WW,0.0005840141170598472
dp_MH,0.0005631905679795342
dp_CW,0.0005470060700997985
dp_MC,0.0005439876012708311
dp_HW,0.0005360277532567029
dp_WC,0.0005203613903765027
dp_WH,0.000502066499337896
